{ "height":24,
 "infinite":false,
 "layers":[
        {
         "data":[5, 5, 5, 7, 7, 7, 7, 7, 7, 12, 12, 12, 12, 12, 12, 12, 5, 12, 12, 12, 12, 12, 12, 12, 12, 12, 12, 5, 5, 5, 5, 5, 5, 5, 5, 5, 5, 5, 5, 5, 5, 5, 5, 5, 7, 5, 5, 5, 5, 5, 5, 5, 7, 7, 7, 7, 7, 7, 1, 1, 1, 1, 1, 1, 1, 5, 1, 1, 1, 1, 1, 1, 1, 1, 1, 1, 5, 5, 5, 5, 5, 5, 5, 5, 5, 5, 5, 5, 5, 5, 5, 5, 1, 7, 1, 5, 8, 5, 3, 1, 1, 1, 1, 1, 1, 1, 7, 1, 1, 1, 1, 1, 1, 1, 5, 5, 5, 5, 5, 5, 5, 5, 5, 1, 5, 5, 5, 1, 1, 1, 1, 1, 1, 1, 1, 1, 1, 1, 1, 1, 1, 1, 6, 1, 1, 1, 13, 3, 1, 1, 1, 1, 1, 1, 1, 7, 1, 1, 1, 1, 1, 1, 1, 1, 1, 1, 1, 1, 1, 1, 1, 1, 1, 1, 5, 5, 1, 1, 1, 1, 1, 5, 5, 7, 7, 7, 7, 7, 7, 7, 7, 7, 7, 5, 5, 5, 3, 1, 1, 1, 1, 1, 1, 1, 7, 1, 1, 1, 1, 1, 1, 1, 1, 1, 1, 1, 1, 1, 1, 1, 1, 1, 1, 5, 5, 1, 1, 1, 1, 1, 5, 5, 7, 7, 7, 7, 7, 7, 7, 7, 7, 7, 7, 7, 7, 3, 1, 1, 1, 1, 1, 1, 1, 7, 1, 1, 1, 1, 1, 1, 1, 1, 1, 1, 1, 1, 1, 1, 1, 1, 1, 1, 5, 5, 5, 5, 5, 1, 1, 1, 1, 1, 1, 1, 1, 1, 7, 7, 5, 5, 5, 5, 5, 5, 7, 7, 7, 7, 7, 7, 7, 7, 7, 1, 1, 1, 1, 1, 1, 1, 1, 1, 1, 1, 1, 1, 1, 1, 1, 1, 1, 1, 1, 1, 5, 5, 1, 1, 1, 1, 1, 1, 1, 1, 1, 7, 5, 5, 1, 1, 5, 5, 5, 9, 4, 4, 4, 4, 4, 4, 4, 1, 1, 1, 1, 1, 5, 5, 5, 5, 5, 5, 5, 5, 5, 5, 5, 5, 5, 5, 5, 5, 1, 1, 1, 1, 1, 1, 1, 1, 1, 1, 1, 1, 5, 5, 5, 1, 1, 5, 5, 5, 5, 5, 5, 8, 5, 5, 5, 5, 1, 1, 1, 1, 1, 5, 5, 5, 5, 5, 5, 5, 5, 5, 12, 12, 12, 5, 5, 5, 5, 1, 1, 1, 1, 1, 1, 1, 1, 1, 1, 1, 1, 5, 5, 5, 1, 1, 5, 5, 5, 5, 1, 1, 1, 1, 1, 1, 1, 1, 1, 1, 1, 1, 1, 1, 1, 1, 1, 1, 1, 1, 1, 1, 1, 1, 1, 5, 1, 1, 1, 1, 1, 1, 1, 1, 1, 1, 1, 1, 1, 1, 1, 1, 1, 1, 1, 1, 1, 5, 5, 1, 1, 1, 1, 1, 1, 1, 1, 1, 1, 1, 1, 1, 1, 1, 1, 1, 1, 1, 1, 1, 1, 1, 1, 1, 5, 1, 1, 1, 1, 1, 1, 1, 1, 1, 1, 1, 1, 1, 1, 5, 5, 1, 1, 5, 1, 5, 5, 5, 5, 5, 5, 5, 5, 5, 5, 1, 1, 1, 1, 1, 1, 1, 1, 5, 5, 5, 5, 5, 5, 5, 5, 5, 5, 5, 5, 5, 1, 5, 5, 5, 5, 1, 1, 5, 5, 5, 5, 5, 5, 5, 5, 5, 5, 5, 5, 5, 5, 5, 5, 5, 5, 5, 5, 5, 1, 1, 1, 1, 1, 1, 1, 1, 5, 5, 5, 5, 5, 5, 8, 5, 5, 5, 5, 5, 5, 1, 5, 5, 5, 5, 1, 1, 5, 5, 5, 5, 5, 5, 5, 5, 5, 5, 1, 5, 5, 2, 1, 1, 1, 1, 1, 1, 1, 1, 1, 1, 1, 1, 1, 1, 1, 5, 1, 1, 1, 1, 1, 1, 1, 1, 7, 1, 1, 1, 1, 5, 1, 1, 5, 1, 1, 5, 1, 1, 1, 1, 1, 1, 1, 1, 5, 1, 5, 5, 3, 1, 1, 1, 1, 1, 1, 1, 1, 1, 1, 1, 1, 1, 1, 1, 5, 1, 1, 1, 1, 1, 1, 1, 1, 7, 1, 1, 1, 1, 5, 1, 1, 5, 1, 1, 5, 1, 1, 5, 5, 5, 5, 1, 1, 1, 1, 5, 5, 3, 1, 1, 1, 1, 1, 1, 1, 1, 1, 1, 1, 1, 1, 1, 1, 5, 5, 5, 5, 5, 5, 5, 5, 5, 5, 5, 5, 5, 5, 5, 1, 1, 5, 5, 5, 5, 5, 5, 5, 5, 5, 5, 1, 1, 5, 5, 5, 5, 3, 1, 1, 1, 1, 1, 1, 1, 1, 1, 1, 1, 1, 1, 1, 1, 5, 5, 5, 5, 5, 5, 5, 5, 5, 5, 5, 5, 5, 5, 5, 1, 1, 5, 5, 5, 5, 5, 5, 5, 5, 5, 5, 1, 1, 5, 5, 5, 5, 3, 1, 1, 1, 1, 1, 1, 1, 1, 1, 1, 1, 1, 1, 1, 1, 1, 1, 1, 1, 1, 1, 1, 1, 1, 1, 5, 5, 5, 1, 1, 1, 1, 1, 1, 1, 1, 1, 1, 7, 7, 7, 5, 1, 1, 5, 5, 5, 5, 3, 1, 1, 1, 1, 1, 1, 1, 1, 1, 1, 1, 1, 1, 1, 1, 1, 1, 1, 1, 1, 1, 1, 1, 1, 1, 5, 5, 5, 1, 1, 1, 1, 1, 1, 1, 1, 1, 1, 7, 7, 7, 5, 1, 1, 5, 5, 5, 5, 3, 1, 1, 1, 1, 1, 5, 5, 1, 1, 1, 1, 1, 1, 1, 1, 1, 5, 5, 5, 5, 5, 1, 1, 1, 1, 5, 5, 5, 5, 5, 5, 5, 5, 5, 5, 1, 1, 1, 5, 5, 5, 5, 1, 1, 5, 5, 5, 5, 3, 1, 1, 1, 1, 1, 5, 5, 1, 1, 1, 1, 1, 1, 1, 1, 1, 5, 5, 5, 5, 5, 1, 1, 1, 1, 5, 5, 5, 5, 5, 5, 8, 5, 5, 5, 1, 1, 1, 5, 5, 5, 5, 1, 1, 5, 5, 5, 5, 7, 7, 7, 7, 7, 7, 7, 7, 7, 1, 1, 1, 1, 1, 1, 1, 1, 5, 5, 5, 5, 5, 1, 1, 1, 1, 1, 1, 1, 1, 1, 1, 1, 1, 5, 5, 1, 1, 1, 1, 1, 1, 1, 1, 1, 5, 5, 5, 5, 3, 1, 1, 1, 1, 1, 5, 5, 7, 1, 1, 1, 1, 1, 1, 1, 1, 1, 1, 1, 5, 5, 1, 1, 1, 1, 1, 1, 1, 1, 1, 1, 1, 1, 5, 5, 1, 1, 1, 1, 1, 1, 1, 1, 1, 1, 1, 5, 5, 7, 7, 7, 7, 7, 7, 7, 7, 7, 7, 7, 7, 7, 7, 7, 7, 7, 7, 7, 7, 7, 7, 7, 7, 7, 7, 7, 7, 7, 7, 7, 7, 7, 7, 7, 7, 7, 7, 7, 7, 7, 7, 7, 7, 7, 7, 7, 7, 7],
         "height":24,
         "id":9,
         "name":"Tile Layer 1",
         "opacity":1,
         "type":"tilelayer",
         "visible":true,
         "width":49,
         "x":0,
         "y":0
        }, 
        {
         "draworder":"topdown",
         "id":2,
         "name":"entities",
         "objects":[
                {
                 "height":0,
                 "id":127,
                 "name":"teleporter to dungeon 2",
                 "point":true,
                 "properties":[
                        {
                         "name":"DEST_ROOM_X",
                         "type":"int",
                         "value":3
                        }, 
                        {
                         "name":"DEST_ROOM_Y",
                         "type":"int",
                         "value":7
                        }],
                 "rotation":0,
                 "type":"TELEPORTER",
                 "visible":true,
                 "width":0,
                 "x":752.606,
                 "y":17.1818
                }, 
                {
                 "height":0,
                 "id":129,
                 "name":"Door to dungeon 1",
                 "point":true,
                 "properties":[
                        {
                         "name":"DEST_ROOM_X",
                         "type":"int",
                         "value":0
                        }, 
                        {
                         "name":"DEST_ROOM_Y",
                         "type":"int",
                         "value":7
                        }],
                 "rotation":0,
                 "type":"TELEPORTER",
                 "visible":true,
                 "width":0,
                 "x":514.598,
                 "y":321.424
                }, 
                {
                 "height":0,
                 "id":133,
                 "name":"blob",
                 "point":true,
                 "properties":[
                        {
                         "name":"MISC",
                         "type":"string",
                         "value":"THREE_SWITCHES_ONE_BOOMERANG"
                        }],
                 "rotation":0,
                 "type":"BLOB",
                 "visible":true,
                 "width":0,
                 "x":8.66667,
                 "y":216.667
                }, 
                {
                 "height":0,
                 "id":140,
                 "name":"sunken bridge",
                 "point":true,
                 "rotation":0,
                 "type":"SUNKEN_BRIDGE",
                 "visible":true,
                 "width":0,
                 "x":48.5458,
                 "y":96.7273
                }, 
                {
                 "height":0,
                 "id":141,
                 "name":"secret wall",
                 "point":true,
                 "rotation":0,
                 "type":"SECRET_WALL",
                 "visible":true,
                 "width":0,
                 "x":16,
                 "y":16
                }, 
                {
                 "height":0,
                 "id":143,
                 "name":"switch",
                 "point":true,
                 "rotation":0,
                 "type":"SWITCH",
                 "visible":true,
                 "width":0,
                 "x":66.5158,
                 "y":75.75
                }, 
                {
                 "height":0,
                 "id":144,
                 "name":"teleporter",
                 "point":true,
                 "properties":[
                        {
                         "name":"DEST_ROOM_X",
                         "type":"int",
                         "value":4
                        }, 
                        {
                         "name":"DEST_ROOM_Y",
                         "type":"int",
                         "value":2
                        }],
                 "rotation":0,
                 "type":"TELEPORTER",
                 "visible":true,
                 "width":0,
                 "x":16,
                 "y":16
                }, 
                {
                 "height":0,
                 "id":147,
                 "name":"secret wall",
                 "point":true,
                 "rotation":0,
                 "type":"SECRET_WALL",
                 "visible":true,
                 "width":0,
                 "x":738,
                 "y":177.666
                }, 
                {
                 "height":0,
                 "id":148,
                 "name":"skeleton",
                 "point":true,
                 "rotation":0,
                 "type":"SKELETON",
                 "visible":true,
                 "width":0,
                 "x":576.848,
                 "y":352.939
                }, 
                {
                 "height":0,
                 "id":151,
                 "name":"torch",
                 "point":true,
                 "properties":[
                        {
                         "name":"MISC",
                         "type":"string",
                         "value":"LAST_TORCH_OPENS_DOORS"
                        }],
                 "rotation":0,
                 "type":"TORCH",
                 "visible":true,
                 "width":0,
                 "x":41.6667,
                 "y":143.333
                }, 
                {
                 "height":0,
                 "id":152,
                 "name":"trigger door",
                 "point":true,
                 "rotation":0,
                 "type":"TRIGGER_DOOR",
                 "visible":true,
                 "width":0,
                 "x":50,
                 "y":145.583
                }, 
                {
                 "height":0,
                 "id":153,
                 "name":"teleporter to secret",
                 "point":true,
                 "properties":[
                        {
                         "name":"DEST_ROOM_X",
                         "type":"int",
                         "value":1
                        }, 
                        {
                         "name":"DEST_ROOM_Y",
                         "type":"int",
                         "value":4
                        }],
                 "rotation":0,
                 "type":"TELEPORTER",
                 "visible":true,
                 "width":0,
                 "x":49.5,
                 "y":129.75
                }, 
                {
                 "height":0,
                 "id":154,
                 "name":"key",
                 "point":true,
                 "rotation":0,
                 "type":"KEY",
                 "visible":true,
                 "width":0,
                 "x":51.75,
                 "y":356.583
                }, 
                {
                 "height":0,
                 "id":155,
                 "name":"lock",
                 "point":true,
                 "rotation":0,
                 "type":"LOCK",
                 "visible":true,
                 "width":0,
                 "x":433.583,
                 "y":97.5833
                }, 
                {
                 "height":0,
                 "id":156,
                 "name":"chest with sword",
                 "point":true,
                 "properties":[
                        {
                         "name":"CONTAINED_TYPE",
                         "type":"string",
                         "value":"SWORD"
                        }],
                 "rotation":0,
                 "type":"CHEST",
                 "visible":true,
                 "width":0,
                 "x":371.75,
                 "y":146.583
                }, 
                {
                 "height":0,
                 "id":157,
                 "name":"sunken bridge",
                 "point":true,
                 "rotation":0,
                 "type":"SUNKEN_BRIDGE",
                 "visible":true,
                 "width":0,
                 "x":402,
                 "y":226.083
                }, 
                {
                 "height":0,
                 "id":158,
                 "name":"switch",
                 "point":true,
                 "rotation":0,
                 "type":"SWITCH",
                 "visible":true,
                 "width":0,
                 "x":373,
                 "y":219.333
                }, 
                {
                 "height":0,
                 "id":159,
                 "name":"secret wall",
                 "point":true,
                 "rotation":0,
                 "type":"SECRET_WALL",
                 "visible":true,
                 "width":0,
                 "x":514.667,
                 "y":192.333
                }, 
                {
                 "height":0,
                 "id":160,
                 "name":"teleporter to dungeon 3",
                 "point":true,
                 "properties":[
                        {
                         "name":"DEST_ROOM_X",
                         "type":"int",
                         "value":6
                        }, 
                        {
                         "name":"DEST_ROOM_Y",
                         "type":"int",
                         "value":0
                        }],
                 "rotation":0,
                 "type":"TELEPORTER",
                 "visible":true,
                 "width":0,
                 "x":514.636,
                 "y":192.333
                }, 
                {
                 "height":0,
                 "id":161,
                 "name":"secret wall",
                 "point":true,
                 "rotation":0,
                 "type":"SECRET_WALL",
                 "visible":true,
                 "width":0,
                 "x":304.202,
                 "y":336.378
                }, 
                {
                 "height":0,
                 "id":162,
                 "name":"blob",
                 "point":true,
                 "properties":[
                        {
                         "name":"CONTAINED_TYPE",
                         "type":"string",
                         "value":"  "
                        }],
                 "rotation":0,
                 "type":"BLOB",
                 "visible":true,
                 "width":0,
                 "x":150.667,
                 "y":283
                }, 
                {
                 "height":0,
                 "id":163,
                 "name":"blob",
                 "point":true,
                 "properties":[
                        {
                         "name":"CONTAINED_TYPE",
                         "type":"string",
                         "value":"  "
                        }],
                 "rotation":0,
                 "type":"BLOB",
                 "visible":true,
                 "width":0,
                 "x":167.333,
                 "y":291.666
                }, 
                {
                 "height":0,
                 "id":164,
                 "name":"blob",
                 "point":true,
                 "properties":[
                        {
                         "name":"CONTAINED_TYPE",
                         "type":"string",
                         "value":"  "
                        }],
                 "rotation":0,
                 "type":"BLOB",
                 "visible":true,
                 "width":0,
                 "x":361.333,
                 "y":364.333
                }, 
                {
                 "height":0,
                 "id":165,
                 "name":"blob",
                 "point":true,
                 "properties":[
                        {
                         "name":"CONTAINED_TYPE",
                         "type":"string",
                         "value":"  "
                        }],
                 "rotation":0,
                 "type":"BLOB",
                 "visible":true,
                 "width":0,
                 "x":389.182,
                 "y":364.273
                }, 
                {
                 "height":0,
                 "id":166,
                 "name":"bat",
                 "point":true,
                 "properties":[
                        {
                         "name":"CONTAINED_TYPE",
                         "type":"string",
                         "value":"  "
                        }],
                 "rotation":0,
                 "type":"BAT",
                 "visible":true,
                 "width":0,
                 "x":542,
                 "y":362.333
                }, 
                {
                 "height":0,
                 "id":167,
                 "name":"skeleton",
                 "point":true,
                 "rotation":0,
                 "type":"SKELETON",
                 "visible":true,
                 "width":0,
                 "x":691.5,
                 "y":292.5
                }, 
                {
                 "height":0,
                 "id":171,
                 "name":"teleporter to secret 3",
                 "point":true,
                 "properties":[
                        {
                         "name":"DEST_ROOM_X",
                         "type":"int",
                         "value":7
                        }, 
                        {
                         "name":"DEST_ROOM_Y",
                         "type":"int",
                         "value":4
                        }],
                 "rotation":0,
                 "type":"TELEPORTER",
                 "visible":true,
                 "width":0,
                 "x":354.636,
                 "y":193.128
                }, 
                {
                 "height":0,
                 "id":172,
                 "name":"teleporter to secret 4",
                 "point":true,
                 "properties":[
                        {
                         "name":"DEST_ROOM_X",
                         "type":"int",
                         "value":7
                        }, 
                        {
                         "name":"DEST_ROOM_Y",
                         "type":"int",
                         "value":5
                        }],
                 "rotation":0,
                 "type":"TELEPORTER",
                 "visible":true,
                 "width":0,
                 "x":304.252,
                 "y":336.424
                }, 
                {
                 "height":0,
                 "id":173,
                 "name":"secret wall",
                 "point":true,
                 "rotation":0,
                 "type":"SECRET_WALL",
                 "visible":true,
                 "width":0,
                 "x":720,
                 "y":80
                }, 
                {
                 "height":0,
                 "id":174,
                 "name":"teleporter to secret 5",
                 "point":true,
                 "properties":[
                        {
                         "name":"DEST_ROOM_X",
                         "type":"int",
                         "value":7
                        }, 
                        {
                         "name":"DEST_ROOM_Y",
                         "type":"int",
                         "value":6
                        }],
                 "rotation":0,
                 "type":"TELEPORTER",
                 "visible":true,
                 "width":0,
                 "x":720,
                 "y":80
                }, 
                {
                 "height":0,
                 "id":179,
                 "name":"blob",
                 "point":true,
                 "properties":[
                        {
                         "name":"MISC",
                         "type":"string",
                         "value":"THREE_SWITCHES_ONE_BOOMERANG"
                        }],
                 "rotation":0,
                 "type":"BLOB",
                 "visible":true,
                 "width":0,
                 "x":274.667,
                 "y":146.666
                }, 
                {
                 "height":0,
                 "id":182,
                 "name":"torch",
                 "point":true,
                 "properties":[
                        {
                         "name":"MISC",
                         "type":"string",
                         "value":"LAST_TORCH_OPENS_DOORS"
                        }],
                 "rotation":0,
                 "type":"TORCH",
                 "visible":true,
                 "width":0,
                 "x":65.25,
                 "y":143.333
                }, 
                {
                 "height":0,
                 "id":183,
                 "name":"bat",
                 "point":true,
                 "properties":[
                        {
                         "name":"CONTAINED_TYPE",
                         "type":"string",
                         "value":"  "
                        }],
                 "rotation":0,
                 "type":"BAT",
                 "visible":true,
                 "width":0,
                 "x":508.5,
                 "y":340.833
                }, 
                {
                 "height":0,
                 "id":184,
                 "name":"bat",
                 "point":true,
                 "properties":[
                        {
                         "name":"CONTAINED_TYPE",
                         "type":"string",
                         "value":"  "
                        }],
                 "rotation":0,
                 "type":"BAT",
                 "visible":true,
                 "width":0,
                 "x":521,
                 "y":367.333
                }, 
                {
                 "height":0,
                 "id":185,
                 "name":"bat",
                 "point":true,
                 "properties":[
                        {
                         "name":"CONTAINED_TYPE",
                         "type":"string",
                         "value":"  "
                        }],
                 "rotation":0,
                 "type":"BAT",
                 "visible":true,
                 "width":0,
                 "x":530.5,
                 "y":339.833
                }, 
                {
                 "height":0,
                 "id":187,
                 "name":"chest",
                 "point":true,
                 "rotation":0,
                 "type":"CHEST",
                 "visible":true,
                 "width":0,
                 "x":273,
                 "y":218.5
                }, 
                {
                 "height":0,
                 "id":188,
                 "name":"chest",
                 "point":true,
                 "rotation":0,
                 "type":"CHEST",
                 "visible":true,
                 "width":0,
                 "x":289,
                 "y":218.273
                }, 
                {
                 "height":0,
                 "id":189,
                 "name":"chest",
                 "point":true,
                 "rotation":0,
                 "type":"CHEST",
                 "visible":true,
                 "width":0,
                 "x":304,
                 "y":218.273
                }, 
                {
                 "height":0,
                 "id":190,
                 "name":"sunken bridge",
                 "point":true,
                 "properties":[
                        {
                         "name":"MISC",
                         "type":"string",
                         "value":"OPEN_CHESTS_IN_RIGHT_ORDER"
                        }],
                 "rotation":0,
                 "type":"SUNKEN_BRIDGE",
                 "visible":true,
                 "width":0,
                 "x":242.819,
                 "y":226.637
                }, 
                {
                 "height":0,
                 "id":191,
                 "name":"lock",
                 "point":true,
                 "rotation":0,
                 "type":"LOCK",
                 "visible":true,
                 "width":0,
                 "x":674.023,
                 "y":209.455
                }, 
                {
                 "height":0,
                 "id":192,
                 "name":"chest",
                 "point":true,
                 "properties":[
                        {
                         "name":"CONTAINED_TYPE",
                         "type":"string",
                         "value":"HEART"
                        }],
                 "rotation":0,
                 "type":"CHEST",
                 "visible":true,
                 "width":0,
                 "x":593.545,
                 "y":219.091
                }, 
                {
                 "height":0,
                 "id":195,
                 "name":"skeleton",
                 "point":true,
                 "rotation":0,
                 "type":"SKELETON",
                 "visible":true,
                 "width":0,
                 "x":593.091,
                 "y":353.818
                }, 
                {
                 "height":0,
                 "id":196,
                 "name":"blob",
                 "point":true,
                 "rotation":0,
                 "type":"BLOB",
                 "visible":true,
                 "width":0,
                 "x":274.5,
                 "y":81.75
                }, 
                {
                 "height":0,
                 "id":197,
                 "name":"blob",
                 "point":true,
                 "rotation":0,
                 "type":"BLOB",
                 "visible":true,
                 "width":0,
                 "x":282.25,
                 "y":89.5
                }, 
                {
                 "height":0,
                 "id":198,
                 "name":"blob",
                 "point":true,
                 "rotation":0,
                 "type":"BLOB",
                 "visible":true,
                 "width":0,
                 "x":274,
                 "y":92.75
                }, 
                {
                 "height":0,
                 "id":199,
                 "name":"lock",
                 "point":true,
                 "rotation":0,
                 "type":"LOCK",
                 "visible":true,
                 "width":0,
                 "x":401,
                 "y":33.5
                }, 
                {
                 "height":0,
                 "id":200,
                 "name":"chest",
                 "point":true,
                 "properties":[
                        {
                         "name":"CONTAINED_TYPE",
                         "type":"string",
                         "value":"HEART"
                        }],
                 "rotation":0,
                 "type":"CHEST",
                 "visible":true,
                 "width":0,
                 "x":289.25,
                 "y":18
                }, 
                {
                 "height":0,
                 "id":201,
                 "name":"switch",
                 "point":true,
                 "rotation":0,
                 "type":"SWITCH",
                 "visible":true,
                 "width":0,
                 "x":33.6667,
                 "y":226.333
                }, 
                {
                 "height":0,
                 "id":202,
                 "name":"switch",
                 "point":true,
                 "rotation":0,
                 "type":"SWITCH",
                 "visible":true,
                 "width":0,
                 "x":49.6667,
                 "y":226.667
                }, 
                {
                 "height":0,
                 "id":203,
                 "name":"switch",
                 "point":true,
                 "rotation":0,
                 "type":"SWITCH",
                 "visible":true,
                 "width":0,
                 "x":66,
                 "y":226
                }, 
                {
                 "height":0,
                 "id":204,
                 "name":"blob",
                 "point":true,
                 "properties":[
                        {
                         "name":"MISC",
                         "type":"string",
                         "value":"THREE_SWITCHES_ONE_BOOMERANG"
                        }],
                 "rotation":0,
                 "type":"BLOB",
                 "visible":true,
                 "width":0,
                 "x":12.6667,
                 "y":275.333
                }, 
                {
                 "height":0,
                 "id":205,
                 "name":"blob",
                 "point":true,
                 "properties":[
                        {
                         "name":"MISC",
                         "type":"string",
                         "value":"THREE_SWITCHES_ONE_BOOMERANG"
                        }],
                 "rotation":0,
                 "type":"BLOB",
                 "visible":true,
                 "width":0,
                 "x":19.8333,
                 "y":333.667
                }, 
                {
                 "height":0,
                 "id":206,
                 "name":"blob",
                 "point":true,
                 "properties":[
                        {
                         "name":"CONTAINED_TYPE",
                         "type":"string",
                         "value":"  "
                        }],
                 "rotation":0,
                 "type":"BLOB",
                 "visible":true,
                 "width":0,
                 "x":374.364,
                 "y":364.455
                }, 
                {
                 "height":0,
                 "id":211,
                 "name":"snake",
                 "point":true,
                 "properties":[
                        {
                         "name":"CONTAINED_TYPE",
                         "type":"string",
                         "value":"  "
                        }],
                 "rotation":0,
                 "type":"SNAKE",
                 "visible":true,
                 "width":0,
                 "x":195.5,
                 "y":364.5
                }, 
                {
                 "height":0,
                 "id":212,
                 "name":"snake",
                 "point":true,
                 "properties":[
                        {
                         "name":"CONTAINED_TYPE",
                         "type":"string",
                         "value":"  "
                        }],
                 "rotation":0,
                 "type":"SNAKE",
                 "visible":true,
                 "width":0,
                 "x":148,
                 "y":357
                }, 
                {
                 "height":0,
                 "id":213,
                 "name":"blob",
                 "point":true,
                 "properties":[
                        {
                         "name":"MISC",
                         "type":"string",
                         "value":"THREE_SWITCHES_ONE_BOOMERANG"
                        }],
                 "rotation":0,
                 "type":"BLOB",
                 "visible":true,
                 "width":0,
                 "x":21.5,
                 "y":283.5
                }, 
                {
                 "height":0,
                 "id":214,
                 "name":"skeleton",
                 "point":true,
                 "rotation":0,
                 "type":"SKELETON",
                 "visible":true,
                 "width":0,
                 "x":612.5,
                 "y":169
                }, 
                {
                 "height":0,
                 "id":215,
                 "name":"skeleton",
                 "point":true,
                 "rotation":0,
                 "type":"SKELETON",
                 "visible":true,
                 "width":0,
                 "x":594.5,
                 "y":162.5
                }, 
                {
                 "height":0,
                 "id":216,
                 "name":"snake",
                 "point":true,
                 "properties":[
                        {
                         "name":"CONTAINED_TYPE",
                         "type":"string",
                         "value":"  "
                        }],
                 "rotation":0,
                 "type":"SNAKE",
                 "visible":true,
                 "width":0,
                 "x":644.5,
                 "y":85.5
                }, 
                {
                 "height":0,
                 "id":217,
                 "name":"snake",
                 "point":true,
                 "properties":[
                        {
                         "name":"CONTAINED_TYPE",
                         "type":"string",
                         "value":"  "
                        }],
                 "rotation":0,
                 "type":"SNAKE",
                 "visible":true,
                 "width":0,
                 "x":595,
                 "y":99.5
                }, 
                {
                 "height":0,
                 "id":218,
                 "name":"blob",
                 "point":true,
                 "properties":[
                        {
                         "name":"CONTAINED_TYPE",
                         "type":"string",
                         "value":"  "
                        }],
                 "rotation":0,
                 "type":"BLOB",
                 "visible":true,
                 "width":0,
                 "x":595.5,
                 "y":34.5
                }, 
                {
                 "height":0,
                 "id":219,
                 "name":"blob",
                 "point":true,
                 "properties":[
                        {
                         "name":"CONTAINED_TYPE",
                         "type":"string",
                         "value":"  "
                        }],
                 "rotation":0,
                 "type":"BLOB",
                 "visible":true,
                 "width":0,
                 "x":611,
                 "y":35
                }, 
                {
                 "height":0,
                 "id":220,
                 "name":"blob",
                 "point":true,
                 "properties":[
                        {
                         "name":"CONTAINED_TYPE",
                         "type":"string",
                         "value":"  "
                        }],
                 "rotation":0,
                 "type":"BLOB",
                 "visible":true,
                 "width":0,
                 "x":626.5,
                 "y":34.5
                }, 
                {
                 "height":0,
                 "id":221,
                 "name":"skeleton",
                 "point":true,
                 "rotation":0,
                 "type":"SKELETON",
                 "visible":true,
                 "width":0,
                 "x":745.5,
                 "y":356.5
                }, 
                {
                 "height":0,
                 "id":222,
                 "name":"skeleton",
                 "point":true,
                 "rotation":0,
                 "type":"SKELETON",
                 "visible":true,
                 "width":0,
                 "x":727.5,
                 "y":356.5
                }, 
                {
                 "height":0,
                 "id":224,
                 "name":"heart",
                 "point":true,
                 "rotation":0,
                 "type":"HEART",
                 "visible":true,
                 "width":0,
                 "x":432.545,
                 "y":149.364
                }, 
                {
                 "height":0,
                 "id":226,
                 "name":"skeleton",
                 "point":true,
                 "rotation":0,
                 "type":"SKELETON",
                 "visible":true,
                 "width":0,
                 "x":611,
                 "y":366
                }, 
                {
                 "height":0,
                 "id":227,
                 "name":"skeleton",
                 "point":true,
                 "rotation":0,
                 "type":"SKELETON",
                 "visible":true,
                 "width":0,
                 "x":626.5,
                 "y":366.5
                }, 
                {
                 "height":0,
                 "id":228,
                 "name":"snake",
                 "point":true,
                 "properties":[
                        {
                         "name":"CONTAINED_TYPE",
                         "type":"string",
                         "value":"  "
                        }],
                 "rotation":0,
                 "type":"SNAKE",
                 "visible":true,
                 "width":0,
                 "x":153.5,
                 "y":14
                }, 
                {
                 "height":0,
                 "id":229,
                 "name":"snake",
                 "point":true,
                 "properties":[
                        {
                         "name":"CONTAINED_TYPE",
                         "type":"string",
                         "value":"  "
                        }],
                 "rotation":0,
                 "type":"SNAKE",
                 "visible":true,
                 "width":0,
                 "x":179,
                 "y":21.5
                }, 
                {
                 "height":0,
                 "id":230,
                 "name":"skeleton",
                 "point":true,
                 "rotation":0,
                 "type":"SKELETON",
                 "visible":true,
                 "width":0,
                 "x":387,
                 "y":84.5
                }, 
                {
                 "height":0,
                 "id":231,
                 "name":"blob",
                 "point":true,
                 "properties":[
                        {
                         "name":"CONTAINED_TYPE",
                         "type":"string",
                         "value":"  "
                        }],
                 "rotation":0,
                 "type":"BLOB",
                 "visible":true,
                 "width":0,
                 "x":469.5,
                 "y":36
                }, 
                {
                 "height":0,
                 "id":233,
                 "name":"bat",
                 "point":true,
                 "rotation":0,
                 "type":"BAT",
                 "visible":true,
                 "width":0,
                 "x":633.5,
                 "y":278
                }, 
                {
                 "height":0,
                 "id":234,
                 "name":"bat",
                 "point":true,
                 "rotation":0,
                 "type":"BAT",
                 "visible":true,
                 "width":0,
                 "x":650,
                 "y":293
                }, 
                {
                 "height":0,
                 "id":235,
                 "name":"bat",
                 "point":true,
                 "rotation":0,
                 "type":"BAT",
                 "visible":true,
                 "width":0,
                 "x":663,
                 "y":279.5
                }],
         "opacity":1,
         "type":"objectgroup",
         "visible":true,
         "x":0,
         "y":0
        }, 
        {
         "draworder":"topdown",
         "id":6,
         "name":"guidelines",
         "objects":[
                {
                 "height":64,
                 "id":21,
                 "name":"",
                 "rotation":0,
                 "type":"",
                 "visible":true,
                 "width":112,
                 "x":0,
                 "y":0
                }, 
                {
                 "height":64,
                 "id":22,
                 "name":"",
                 "rotation":0,
                 "type":"",
                 "visible":true,
                 "width":112,
                 "x":112,
                 "y":0
                }, 
                {
                 "height":64,
                 "id":23,
                 "name":"",
                 "rotation":0,
                 "type":"",
                 "visible":true,
                 "width":112,
                 "x":224,
                 "y":0
                }, 
                {
                 "height":64,
                 "id":24,
                 "name":"",
                 "rotation":0,
                 "type":"",
                 "visible":true,
                 "width":112,
                 "x":336,
                 "y":0
                }, 
                {
                 "height":64,
                 "id":25,
                 "name":"",
                 "rotation":0,
                 "type":"",
                 "visible":true,
                 "width":112,
                 "x":448,
                 "y":0
                }, 
                {
                 "height":64,
                 "id":26,
                 "name":"",
                 "rotation":0,
                 "type":"",
                 "visible":true,
                 "width":112,
                 "x":560,
                 "y":0
                }, 
                {
                 "height":64,
                 "id":27,
                 "name":"",
                 "rotation":0,
                 "type":"",
                 "visible":true,
                 "width":112,
                 "x":672,
                 "y":0
                }, 
                {
                 "height":64,
                 "id":29,
                 "name":"",
                 "rotation":0,
                 "type":"",
                 "visible":true,
                 "width":112,
                 "x":0.333333,
                 "y":64
                }, 
                {
                 "height":64,
                 "id":30,
                 "name":"",
                 "rotation":0,
                 "type":"",
                 "visible":true,
                 "width":112,
                 "x":112.333,
                 "y":64
                }, 
                {
                 "height":64,
                 "id":31,
                 "name":"",
                 "rotation":0,
                 "type":"",
                 "visible":true,
                 "width":112,
                 "x":224.333,
                 "y":64
                }, 
                {
                 "height":64,
                 "id":32,
                 "name":"",
                 "rotation":0,
                 "type":"",
                 "visible":true,
                 "width":112,
                 "x":336.333,
                 "y":64
                }, 
                {
                 "height":64,
                 "id":33,
                 "name":"",
                 "rotation":0,
                 "type":"",
                 "visible":true,
                 "width":112,
                 "x":448.333,
                 "y":64
                }, 
                {
                 "height":64,
                 "id":34,
                 "name":"",
                 "rotation":0,
                 "type":"",
                 "visible":true,
                 "width":112,
                 "x":560.333,
                 "y":64
                }, 
                {
                 "height":64,
                 "id":35,
                 "name":"",
                 "rotation":0,
                 "type":"",
                 "visible":true,
                 "width":112,
                 "x":672.333,
                 "y":64
                }, 
                {
                 "height":64,
                 "id":69,
                 "name":"",
                 "rotation":0,
                 "type":"",
                 "visible":true,
                 "width":112,
                 "x":0.500167,
                 "y":127.667
                }, 
                {
                 "height":64,
                 "id":70,
                 "name":"",
                 "rotation":0,
                 "type":"",
                 "visible":true,
                 "width":112,
                 "x":112.5,
                 "y":127.667
                }, 
                {
                 "height":64,
                 "id":71,
                 "name":"",
                 "rotation":0,
                 "type":"",
                 "visible":true,
                 "width":112,
                 "x":224.5,
                 "y":127.667
                }, 
                {
                 "height":64,
                 "id":72,
                 "name":"",
                 "rotation":0,
                 "type":"",
                 "visible":true,
                 "width":112,
                 "x":336.5,
                 "y":127.667
                }, 
                {
                 "height":64,
                 "id":73,
                 "name":"",
                 "rotation":0,
                 "type":"",
                 "visible":true,
                 "width":112,
                 "x":448.5,
                 "y":127.667
                }, 
                {
                 "height":64,
                 "id":74,
                 "name":"",
                 "rotation":0,
                 "type":"",
                 "visible":true,
                 "width":112,
                 "x":560.5,
                 "y":127.667
                }, 
                {
                 "height":64,
                 "id":75,
                 "name":"",
                 "rotation":0,
                 "type":"",
                 "visible":true,
                 "width":112,
                 "x":672.5,
                 "y":127.667
                }, 
                {
                 "height":64,
                 "id":77,
                 "name":"",
                 "rotation":0,
                 "type":"",
                 "visible":true,
                 "width":112,
                 "x":0.8335,
                 "y":191.667
                }, 
                {
                 "height":64,
                 "id":78,
                 "name":"",
                 "rotation":0,
                 "type":"",
                 "visible":true,
                 "width":112,
                 "x":112.833,
                 "y":191.667
                }, 
                {
                 "height":64,
                 "id":79,
                 "name":"",
                 "rotation":0,
                 "type":"",
                 "visible":true,
                 "width":112,
                 "x":224.833,
                 "y":191.667
                }, 
                {
                 "height":64,
                 "id":80,
                 "name":"",
                 "rotation":0,
                 "type":"",
                 "visible":true,
                 "width":112,
                 "x":336.833,
                 "y":191.667
                }, 
                {
                 "height":64,
                 "id":81,
                 "name":"",
                 "rotation":0,
                 "type":"",
                 "visible":true,
                 "width":112,
                 "x":448.833,
                 "y":191.667
                }, 
                {
                 "height":64,
                 "id":82,
                 "name":"",
                 "rotation":0,
                 "type":"",
                 "visible":true,
                 "width":112,
                 "x":560.833,
                 "y":191.667
                }, 
                {
                 "height":64,
                 "id":83,
                 "name":"",
                 "rotation":0,
                 "type":"",
                 "visible":true,
                 "width":112,
                 "x":672.833,
                 "y":191.667
                }, 
                {
                 "height":64,
                 "id":85,
                 "name":"",
                 "rotation":0,
                 "type":"",
                 "visible":true,
                 "width":112,
                 "x":0.250167,
                 "y":255.167
                }, 
                {
                 "height":64,
                 "id":86,
                 "name":"",
                 "rotation":0,
                 "type":"",
                 "visible":true,
                 "width":112,
                 "x":112.25,
                 "y":255.167
                }, 
                {
                 "height":64,
                 "id":87,
                 "name":"",
                 "rotation":0,
                 "type":"",
                 "visible":true,
                 "width":112,
                 "x":224.25,
                 "y":255.167
                }, 
                {
                 "height":64,
                 "id":88,
                 "name":"",
                 "rotation":0,
                 "type":"",
                 "visible":true,
                 "width":112,
                 "x":336.25,
                 "y":255.167
                }, 
                {
                 "height":64,
                 "id":89,
                 "name":"",
                 "rotation":0,
                 "type":"",
                 "visible":true,
                 "width":112,
                 "x":448.25,
                 "y":255.167
                }, 
                {
                 "height":64,
                 "id":90,
                 "name":"",
                 "rotation":0,
                 "type":"",
                 "visible":true,
                 "width":112,
                 "x":560.25,
                 "y":255.167
                }, 
                {
                 "height":64,
                 "id":91,
                 "name":"",
                 "rotation":0,
                 "type":"",
                 "visible":true,
                 "width":112,
                 "x":672.25,
                 "y":255.167
                }, 
                {
                 "height":64,
                 "id":93,
                 "name":"",
                 "rotation":0,
                 "type":"",
                 "visible":true,
                 "width":112,
                 "x":0.5835,
                 "y":319.167
                }, 
                {
                 "height":64,
                 "id":94,
                 "name":"",
                 "rotation":0,
                 "type":"",
                 "visible":true,
                 "width":112,
                 "x":112.583,
                 "y":319.167
                }, 
                {
                 "height":64,
                 "id":95,
                 "name":"",
                 "rotation":0,
                 "type":"",
                 "visible":true,
                 "width":112,
                 "x":224.583,
                 "y":319.167
                }, 
                {
                 "height":64,
                 "id":96,
                 "name":"",
                 "rotation":0,
                 "type":"",
                 "visible":true,
                 "width":112,
                 "x":336.583,
                 "y":319.167
                }, 
                {
                 "height":64,
                 "id":97,
                 "name":"",
                 "rotation":0,
                 "type":"",
                 "visible":true,
                 "width":112,
                 "x":448.583,
                 "y":319.167
                }, 
                {
                 "height":64,
                 "id":98,
                 "name":"",
                 "rotation":0,
                 "type":"",
                 "visible":true,
                 "width":112,
                 "x":560.583,
                 "y":319.167
                }, 
                {
                 "height":64,
                 "id":99,
                 "name":"",
                 "rotation":0,
                 "type":"",
                 "visible":true,
                 "width":112,
                 "x":672.583,
                 "y":319.167
                }],
         "opacity":1,
         "type":"objectgroup",
         "visible":true,
         "x":0,
         "y":0
        }],
 "nextlayerid":10,
 "nextobjectid":236,
 "orientation":"orthogonal",
 "renderorder":"right-down",
 "tiledversion":"2018.08.06",
 "tileheight":16,
 "tilesets":[
        {
         "firstgid":1,
         "source":"overworld.tsx"
        }],
 "tilewidth":16,
 "type":"map",
 "version":1.2,
 "width":49
}