{
  "schemaVersion": 2,
  "title": "Cripple Mr. Onion",
  "description": "A Discworld-themed Card game",
  "author": "Chris Fenton",
  "version": "1.0",
  "date": "2017-04-16",
  "genre": "Misc",
  "publisher": "Fenton Heavy Industries",
  "idea": "Terry Pratchett",
  "code": "Chris Fenton",
  "art": "Chris Fenton",
  "sound": "N/A",
  "url": "http://www.chrisfenton.com/cripple-mr-onion/",
  "sourceUrl": "",
  "email": "",
  "companion": "",
  "banner": "CMO_BANNER.PNG",
  "screenshots": [
    {
      "title": "Title Screen",
      "filename": "CMO_TITLE.BMP"
    }
  ],
  "binaries": [
    {
      "title": "Cripple Mr. Onion v1.0 Binary",
      "filename": "cripple_mr_onion.ino.arduino_leonardo.hex",
      "device": "Arduboy"
    }
  ],
  "buttons": [
    {
      "control": "",
      "action": ""
    }
  ],
  "eeprom": {
    "variable": false,
    "start": 24,
    "end": 40
  }
}
