{ "height":23,
 "infinite":false,
 "layers":[
        {
         "data":[21, 21, 20, 25, 36, 35, 31, 31, 36, 31, 31, 31, 31, 31, 31, 31, 35, 31, 31, 31, 31, 31, 34, 41, 42, 43, 35, 31, 35, 31, 31, 31, 31, 31, 31, 35, 20, 20, 20, 20, 20, 21, 21, 21, 21, 21, 21, 20, 20, 20, 25, 5, 5, 5, 5, 5, 5, 5, 5, 1, 37, 37, 37, 37, 37, 37, 37, 37, 5, 5, 39, 4, 40, 37, 5, 5, 5, 5, 5, 5, 5, 5, 28, 20, 20, 20, 20, 20, 21, 21, 21, 21, 21, 21, 22, 22, 22, 17, 5, 5, 5, 5, 5, 5, 1, 1, 1, 1, 1, 2, 2, 1, 1, 1, 1, 1, 5, 3, 3, 3, 2, 5, 1, 5, 1, 5, 5, 5, 5, 28, 20, 20, 20, 20, 20, 21, 21, 21, 21, 21, 21, 33, 38, 5, 5, 5, 5, 5, 5, 5, 1, 1, 2, 1, 1, 1, 1, 1, 1, 1, 1, 1, 1, 2, 1, 2, 2, 1, 5, 1, 1, 1, 1, 5, 5, 5, 28, 20, 20, 20, 20, 20, 21, 21, 21, 21, 21, 21, 29, 1, 1, 1, 5, 5, 5, 5, 5, 1, 1, 1, 1, 1, 1, 1, 1, 1, 1, 1, 1, 1, 1, 1, 1, 1, 1, 1, 1, 1, 1, 1, 6, 5, 5, 28, 20, 20, 20, 20, 20, 20, 21, 21, 21, 21, 21, 29, 1, 1, 1, 1, 1, 1, 1, 1, 1, 1, 1, 1, 1, 1, 1, 2, 1, 1, 1, 1, 1, 1, 18, 23, 23, 19, 38, 1, 2, 1, 1, 6, 5, 5, 28, 20, 20, 20, 20, 20, 20, 20, 21, 21, 21, 21, 29, 1, 2, 1, 1, 1, 1, 1, 1, 1, 1, 2, 1, 1, 1, 1, 1, 1, 1, 1, 2, 1, 1, 24, 20, 20, 25, 38, 1, 1, 1, 1, 6, 5, 5, 28, 20, 20, 20, 20, 20, 20, 20, 20, 21, 21, 21, 29, 1, 1, 1, 1, 18, 23, 23, 23, 23, 23, 23, 23, 23, 23, 23, 23, 23, 19, 1, 2, 1, 1, 24, 20, 26, 17, 38, 1, 1, 1, 37, 6, 5, 5, 28, 20, 20, 20, 20, 20, 20, 20, 20, 20, 21, 21, 29, 1, 1, 1, 1, 24, 20, 20, 20, 20, 20, 20, 20, 20, 20, 20, 20, 20, 25, 1, 1, 1, 1, 16, 22, 17, 38, 1, 1, 1, 1, 37, 6, 5, 5, 28, 20, 20, 20, 20, 20, 20, 20, 20, 20, 21, 21, 29, 1, 1, 1, 1, 24, 20, 20, 20, 20, 20, 20, 20, 21, 21, 21, 21, 20, 25, 1, 1, 1, 1, 1, 1, 1, 1, 1, 1, 1, 1, 1, 6, 5, 5, 28, 20, 20, 20, 20, 9, 13, 10, 20, 20, 21, 21, 29, 1, 1, 1, 3, 24, 20, 9, 13, 13, 10, 20, 20, 21, 21, 21, 21, 20, 25, 1, 1, 1, 2, 1, 1, 1, 1, 1, 1, 5, 1, 5, 5, 5, 5, 28, 20, 20, 20, 20, 12, 2, 11, 20, 20, 21, 21, 29, 1, 1, 3, 3, 15, 15, 15, 1, 2, 11, 20, 20, 21, 21, 21, 21, 20, 25, 5, 1, 1, 1, 1, 1, 1, 1, 1, 1, 1, 1, 37, 6, 5, 5, 28, 20, 20, 20, 20, 12, 2, 11, 20, 20, 21, 21, 29, 1, 1, 1, 3, 24, 20, 7, 14, 14, 8, 20, 20, 20, 20, 20, 20, 20, 25, 5, 5, 1, 1, 1, 2, 1, 1, 1, 1, 1, 1, 37, 6, 5, 5, 28, 20, 20, 20, 20, 12, 2, 11, 20, 20, 21, 21, 29, 1, 1, 2, 1, 24, 20, 20, 20, 20, 20, 20, 20, 20, 20, 20, 20, 20, 25, 5, 5, 1, 1, 1, 37, 37, 1, 1, 1, 1, 2, 5, 5, 5, 5, 15, 20, 20, 20, 15, 15, 2, 11, 20, 20, 21, 21, 33, 1, 1, 1, 1, 24, 20, 21, 21, 21, 20, 20, 20, 20, 20, 20, 26, 22, 17, 5, 5, 5, 1, 1, 1, 1, 1, 2, 1, 1, 1, 1, 5, 5, 5, 28, 20, 20, 20, 20, 12, 2, 11, 20, 20, 21, 21, 29, 1, 1, 1, 1, 24, 20, 21, 21, 21, 20, 20, 20, 20, 20, 20, 25, 5, 5, 5, 5, 1, 1, 1, 1, 1, 1, 1, 37, 1, 1, 38, 6, 5, 5, 28, 20, 20, 20, 20, 12, 2, 11, 20, 20, 21, 21, 29, 1, 1, 5, 5, 24, 20, 21, 21, 21, 20, 26, 22, 22, 22, 22, 17, 5, 1, 1, 1, 1, 1, 1, 1, 1, 1, 1, 1, 1, 1, 37, 6, 5, 5, 28, 20, 20, 20, 20, 12, 38, 11, 20, 20, 21, 21, 29, 1, 1, 5, 5, 24, 20, 21, 21, 21, 20, 25, 5, 5, 5, 5, 5, 5, 1, 2, 2, 1, 1, 1, 1, 1, 1, 1, 1, 1, 37, 37, 6, 5, 5, 28, 20, 20, 20, 20, 7, 14, 8, 20, 20, 21, 21, 29, 1, 1, 5, 5, 24, 20, 20, 20, 20, 20, 25, 5, 1, 1, 1, 1, 1, 1, 1, 1, 1, 1, 1, 1, 2, 1, 1, 1, 1, 1, 5, 5, 5, 5, 28, 20, 20, 20, 20, 20, 20, 20, 20, 20, 21, 21, 29, 1, 1, 1, 5, 16, 22, 22, 22, 22, 22, 17, 5, 1, 1, 1, 1, 1, 1, 1, 1, 1, 1, 1, 1, 1, 1, 1, 1, 37, 37, 5, 5, 5, 5, 28, 20, 20, 20, 20, 20, 20, 20, 20, 20, 21, 21, 35, 1, 2, 1, 1, 1, 1, 1, 1, 5, 5, 5, 5, 1, 1, 1, 1, 1, 1, 1, 1, 2, 1, 1, 1, 1, 1, 1, 1, 1, 1, 2, 5, 5, 5, 28, 20, 20, 20, 20, 20, 20, 20, 20, 20, 21, 21, 38, 1, 1, 1, 1, 1, 2, 2, 1, 1, 1, 1, 5, 1, 1, 1, 1, 1, 1, 2, 2, 2, 37, 1, 1, 1, 1, 1, 1, 2, 1, 37, 6, 5, 5, 28, 20, 20, 20, 20, 20, 20, 20, 20, 21, 21, 21, 38, 38, 34, 32, 32, 32, 32, 32, 32, 32, 32, 32, 32, 32, 34, 32, 32, 32, 32, 32, 32, 32, 32, 32, 32, 32, 32, 32, 32, 32, 32, 32, 32, 32, 32, 33, 20, 20, 20, 20, 20, 21, 21, 21, 21, 21, 21],
         "height":23,
         "id":15,
         "name":"Tile Layer 1",
         "opacity":1,
         "type":"tilelayer",
         "visible":true,
         "width":47,
         "x":0,
         "y":0
        }, 
        {
         "draworder":"topdown",
         "id":2,
         "name":"entities",
         "objects":[
                {
                 "height":0,
                 "id":238,
                 "name":"worm spawn",
                 "point":true,
                 "rotation":0,
                 "type":"WORM_SPAWN",
                 "visible":true,
                 "width":0,
                 "x":361.999666666667,
                 "y":292
                }, 
                {
                 "height":0,
                 "id":239,
                 "name":"worm spawn",
                 "point":true,
                 "rotation":0,
                 "type":"WORM_SPAWN",
                 "visible":true,
                 "width":0,
                 "x":147.333333333333,
                 "y":171
                }, 
                {
                 "height":0,
                 "id":240,
                 "name":"worm spawn",
                 "point":true,
                 "rotation":0,
                 "type":"WORM_SPAWN",
                 "visible":true,
                 "width":0,
                 "x":505,
                 "y":101.333
                }, 
                {
                 "height":0,
                 "id":241,
                 "name":"worm spawn",
                 "point":true,
                 "rotation":0,
                 "type":"WORM_SPAWN",
                 "visible":true,
                 "width":0,
                 "x":475.667,
                 "y":331.833
                }, 
                {
                 "height":0,
                 "id":243,
                 "name":"worm spawn",
                 "point":true,
                 "rotation":0,
                 "type":"WORM_SPAWN",
                 "visible":true,
                 "width":0,
                 "x":157.666666666667,
                 "y":65.5
                }, 
                {
                 "height":0,
                 "id":246,
                 "name":"worm spawn",
                 "point":true,
                 "rotation":0,
                 "type":"WORM_SPAWN",
                 "visible":true,
                 "width":0,
                 "x":44.1666666666667,
                 "y":285
                }, 
                {
                 "height":0,
                 "id":247,
                 "name":"worm spawn",
                 "point":true,
                 "rotation":0,
                 "type":"WORM_SPAWN",
                 "visible":true,
                 "width":0,
                 "x":329.5,
                 "y":132.166666666667
                }],
         "opacity":1,
         "type":"objectgroup",
         "visible":true,
         "x":0,
         "y":0
        }, 
        {
         "draworder":"topdown",
         "id":6,
         "name":"guidelines",
         "objects":[
                {
                 "height":64,
                 "id":21,
                 "name":"",
                 "rotation":0,
                 "type":"",
                 "visible":true,
                 "width":112,
                 "x":0,
                 "y":0
                }, 
                {
                 "height":64,
                 "id":22,
                 "name":"",
                 "rotation":0,
                 "type":"",
                 "visible":true,
                 "width":112,
                 "x":112,
                 "y":0
                }, 
                {
                 "height":64,
                 "id":23,
                 "name":"",
                 "rotation":0,
                 "type":"",
                 "visible":true,
                 "width":112,
                 "x":224,
                 "y":0
                }, 
                {
                 "height":64,
                 "id":24,
                 "name":"",
                 "rotation":0,
                 "type":"",
                 "visible":true,
                 "width":112,
                 "x":336,
                 "y":0
                }, 
                {
                 "height":64,
                 "id":25,
                 "name":"",
                 "rotation":0,
                 "type":"",
                 "visible":true,
                 "width":112,
                 "x":448,
                 "y":0
                }, 
                {
                 "height":64,
                 "id":26,
                 "name":"",
                 "rotation":0,
                 "type":"",
                 "visible":true,
                 "width":112,
                 "x":560,
                 "y":0
                }, 
                {
                 "height":64,
                 "id":29,
                 "name":"",
                 "rotation":0,
                 "type":"",
                 "visible":true,
                 "width":112,
                 "x":0.333333,
                 "y":64
                }, 
                {
                 "height":64,
                 "id":30,
                 "name":"",
                 "rotation":0,
                 "type":"",
                 "visible":true,
                 "width":112,
                 "x":112.333,
                 "y":64
                }, 
                {
                 "height":64,
                 "id":31,
                 "name":"",
                 "rotation":0,
                 "type":"",
                 "visible":true,
                 "width":112,
                 "x":224.333,
                 "y":64
                }, 
                {
                 "height":64,
                 "id":32,
                 "name":"",
                 "rotation":0,
                 "type":"",
                 "visible":true,
                 "width":112,
                 "x":336.333,
                 "y":64
                }, 
                {
                 "height":64,
                 "id":33,
                 "name":"",
                 "rotation":0,
                 "type":"",
                 "visible":true,
                 "width":112,
                 "x":448.333,
                 "y":64
                }, 
                {
                 "height":64,
                 "id":34,
                 "name":"",
                 "rotation":0,
                 "type":"",
                 "visible":true,
                 "width":112,
                 "x":560.333,
                 "y":64
                }, 
                {
                 "height":64,
                 "id":69,
                 "name":"",
                 "rotation":0,
                 "type":"",
                 "visible":true,
                 "width":112,
                 "x":0.500167,
                 "y":127.667
                }, 
                {
                 "height":64,
                 "id":70,
                 "name":"",
                 "rotation":0,
                 "type":"",
                 "visible":true,
                 "width":112,
                 "x":112.5,
                 "y":127.667
                }, 
                {
                 "height":64,
                 "id":71,
                 "name":"",
                 "rotation":0,
                 "type":"",
                 "visible":true,
                 "width":112,
                 "x":224.5,
                 "y":127.667
                }, 
                {
                 "height":64,
                 "id":72,
                 "name":"",
                 "rotation":0,
                 "type":"",
                 "visible":true,
                 "width":112,
                 "x":336.5,
                 "y":127.667
                }, 
                {
                 "height":64,
                 "id":73,
                 "name":"",
                 "rotation":0,
                 "type":"",
                 "visible":true,
                 "width":112,
                 "x":448.5,
                 "y":127.667
                }, 
                {
                 "height":64,
                 "id":74,
                 "name":"",
                 "rotation":0,
                 "type":"",
                 "visible":true,
                 "width":112,
                 "x":560.5,
                 "y":127.667
                }, 
                {
                 "height":64,
                 "id":77,
                 "name":"",
                 "rotation":0,
                 "type":"",
                 "visible":true,
                 "width":112,
                 "x":0.8335,
                 "y":191.667
                }, 
                {
                 "height":64,
                 "id":78,
                 "name":"",
                 "rotation":0,
                 "type":"",
                 "visible":true,
                 "width":112,
                 "x":112.833,
                 "y":191.667
                }, 
                {
                 "height":64,
                 "id":79,
                 "name":"",
                 "rotation":0,
                 "type":"",
                 "visible":true,
                 "width":112,
                 "x":224.833,
                 "y":191.667
                }, 
                {
                 "height":64,
                 "id":80,
                 "name":"",
                 "rotation":0,
                 "type":"",
                 "visible":true,
                 "width":112,
                 "x":336.833,
                 "y":191.667
                }, 
                {
                 "height":64,
                 "id":81,
                 "name":"",
                 "rotation":0,
                 "type":"",
                 "visible":true,
                 "width":112,
                 "x":448.833,
                 "y":191.667
                }, 
                {
                 "height":64,
                 "id":82,
                 "name":"",
                 "rotation":0,
                 "type":"",
                 "visible":true,
                 "width":112,
                 "x":560.833,
                 "y":191.667
                }, 
                {
                 "height":64,
                 "id":85,
                 "name":"",
                 "rotation":0,
                 "type":"",
                 "visible":true,
                 "width":112,
                 "x":0.250167,
                 "y":255.167
                }, 
                {
                 "height":64,
                 "id":86,
                 "name":"",
                 "rotation":0,
                 "type":"",
                 "visible":true,
                 "width":112,
                 "x":112.25,
                 "y":255.167
                }, 
                {
                 "height":64,
                 "id":87,
                 "name":"",
                 "rotation":0,
                 "type":"",
                 "visible":true,
                 "width":112,
                 "x":224.25,
                 "y":255.167
                }, 
                {
                 "height":64,
                 "id":88,
                 "name":"",
                 "rotation":0,
                 "type":"",
                 "visible":true,
                 "width":112,
                 "x":336.25,
                 "y":255.167
                }, 
                {
                 "height":64,
                 "id":89,
                 "name":"",
                 "rotation":0,
                 "type":"",
                 "visible":true,
                 "width":112,
                 "x":448.25,
                 "y":255.167
                }, 
                {
                 "height":64,
                 "id":90,
                 "name":"",
                 "rotation":0,
                 "type":"",
                 "visible":true,
                 "width":112,
                 "x":560.25,
                 "y":255.167
                }, 
                {
                 "height":64,
                 "id":93,
                 "name":"",
                 "rotation":0,
                 "type":"",
                 "visible":true,
                 "width":112,
                 "x":0.5835,
                 "y":319.167
                }, 
                {
                 "height":64,
                 "id":94,
                 "name":"",
                 "rotation":0,
                 "type":"",
                 "visible":true,
                 "width":112,
                 "x":112.583,
                 "y":319.167
                }, 
                {
                 "height":64,
                 "id":95,
                 "name":"",
                 "rotation":0,
                 "type":"",
                 "visible":true,
                 "width":112,
                 "x":224.583,
                 "y":319.167
                }, 
                {
                 "height":64,
                 "id":96,
                 "name":"",
                 "rotation":0,
                 "type":"",
                 "visible":true,
                 "width":112,
                 "x":336.583,
                 "y":319.167
                }, 
                {
                 "height":64,
                 "id":97,
                 "name":"",
                 "rotation":0,
                 "type":"",
                 "visible":true,
                 "width":112,
                 "x":448.583,
                 "y":319.167
                }, 
                {
                 "height":64,
                 "id":98,
                 "name":"",
                 "rotation":0,
                 "type":"",
                 "visible":true,
                 "width":112,
                 "x":560.583,
                 "y":319.167
                }],
         "opacity":1,
         "type":"objectgroup",
         "visible":false,
         "x":0,
         "y":0
        }],
 "nextlayerid":16,
 "nextobjectid":249,
 "orientation":"orthogonal",
 "renderorder":"right-down",
 "tiledversion":"2018.08.06",
 "tileheight":16,
 "tilesets":[
        {
         "firstgid":1,
         "source":"world.tsx"
        }],
 "tilewidth":16,
 "type":"map",
 "version":1.2,
 "width":47
}