{
  "schemaVersion": 2,
  "title": "1943: The Battle of Midway",
  "description": "A version of the classic '1943' for the Arduboy.",
  "author": "Filmote",
  "version": "1.0.3",
  "date": "2017-10-09",
  "genre": "Action",
  "publisher": "Filmote",
  "idea": "Filmote",
  "code": "Filmote",
  "art": "Filmote",
  "sound": "Filmote",
  "url": "https://github.com/filmote/Nineteen43",
  "sourceUrl": "https://github.com/filmote/Nineteen43",
  "email": "simon@bloggingadeadhorse.com",
  "companion": "",
  "banner": "banner.png",
  "buttons": [
   { "control": "D-Pad",
     "action": "During Play: Move the plane"},
   { "control": "A",
     "action": "During Play: Shoot bullets"},
   { "control": "B",
     "action": "During Play: Perform roll"},
   { "control": "B",
     "action": "Introduction: Toggle sound"},     
   { "control": "Up or Down",
     "action": "Introduction: Change level"},     
   { "control": "Left or Right",
     "action": "Introduction: View credits"},     
   { "control": "Up and Down",
     "action": "Game Over: Reset scores"}
  ],     
  "screenshots": [
    {
      "title": "Splash Screen",
      "filename": "screenshot00.png"
    },
    {
      "title": "Credits.",
      "filename": "screenshot01.png"
    },
    {
      "title": "Under Attack!",
      "filename": "screenshot02.png"
    },
    {
      "title": "All Missions Compete.",
      "filename": "screenshot03.png"
    }
  ],
  "binaries": [
    {
      "title": "The Game",
      "filename": "Nineteen43.hex",
      "device": "Arduboy"
    }
  ]
}