{
	"schemaVersion": 2,
	"title": "Boris goes skiing",
	"description": "A clone of the ZX Spectrum game Horace goes skiing for the Arduboy",
	"author": "Tom Sparrow",
	"version": "1.0",
	"date": "2017-03-08",
	"genre": "Arcade",
	"publisher": "Tom Sparrow",
	"code": "Tom Sparrow",
	"art": "Mike McRoberts",
	"sound": "Tom Sparrow",
	"testers": "Erin and Sonny",
	"sourceUrl": "https://github.com/sones857/boris-goes-skiing",
	"banner": "boris_banner.png",
	"screenshots": [{
		"title": "screenshot1.png",
		"filename": "screenshot1.png"
	}],
	"binaries": [{
		"title": "boris_goes_skiing_binary",
		"filename": "boris_goes_skiing.hex",
		"device": "Arduboy"
	}],
	"eeprom": {
		"variable": false,
		"start": 593,
		"end": 593
	}
}
