{
  "schemaVersion": 2,
  "title": "Millipe",
  "description": "Millipe is a side-on top-down shooter where you have to shoot the descending bugs before they reach the bottom",
  "author": "Dreamer2345",
  "version": "2.0.0",
  "date": "2019-03-31",
  "genre": "Shooter",
  "publisher": "Lone Cog Coder",
  "idea": "Dreamer2345",
  "code": "Dreamer2345, Pharap",
  "art": "Dreamer2345",
  "sound": "Dreamer2345",
  "url": "https://community.arduboy.com/t/millipe-game-for-arduboy/4746",
  "sourceUrl": "https://github.com/Dreamer2345/Millipe/",
  "banner": "",
  "screenshots":
  [
    {
      "title": "Millipe Gameplay 1",
      "filename": "Gameplay1.png"
    },
    {
      "title": "Millipe Gameplay 2",
      "filename": "Gameplay2.png"
    },
    {
      "title": "Millipe Gameplay 3",
      "filename": "Gameplay3.png"
    },
    {
      "title": "Millipe Gameplay 4",
      "filename": "Gameplay4.png"
    }
  ],
  "binaries":
  [
    {
      "title": "Millipe",
      "filename": "Millipe.hex",
      "device": "Arduboy"
    }
  ],
  "buttons":
  [
    {
      "control": "Up",
      "action": "move left"
    },
    {
      "control": "Down",
      "action": "move right"
    },
    {
      "control": "Right",
      "action": "shoot"
    },
    {
      "control": "A",
      "action": "shoot"
    }
  ]
}