{
	"repository": "OBONO's Arduboy Works",
	"api-version": "1.0",
	"maintainer": "OBONO",
	"website": "https://github.com/obono/ArduboyWorks",
	"items": [
		{
			"title": "Hollow Seeker",
			"description": "Go forward in right direction. Seek a hollow as refuge not to be crushed.",
			"genre": "Action",
			"url": "https://community.arduboy.com/t/hollow-seeker-a-simple-action-game/2594",
			"dependence": "Arduboy Library 1.1.1",
			"version": "0.32",
			"sourceUrl": "https://github.com/obono/ArduboyWorks/tree/master/hollow",
			"author": "OBONO",
			"binaries": [
				{
					"title": "Hollow Seeker",
					"filename": "https://raw.githubusercontent.com/obono/ArduboyWorks/master/_hexs/hollow_v0.32.hex",
					"device": "Arduboy"
				}
			],
			"screenshots": [
				{
					"filename": "https://obono.github.io/ArduboyWorks/img/hollow2.gif",
					"title": "Game screen"
				},
				{
					"filename": "https://obono.github.io/ArduboyWorks/img/hollow1.gif",
					"title": "Title screen"
				}
			],
			"license": "MIT",
			"arduboy": "",
			"codeName": "OBN-Y01",
			"nickName": "hollow"
		},
		{
			"title": "Hopper",
			"description": "Jump on panels and go up (foreground side). If you fall toward bottom, the game is over.",
			"genre": "Action",
			"url": "https://community.arduboy.com/t/hopper-a-simple-action-game/4293",
			"dependence": "Arduboy Library 1.1.1",
			"version": "0.22",
			"sourceUrl": "https://github.com/obono/ArduboyWorks/tree/master/hopper",
			"author": "OBONO",
			"binaries": [
				{
					"title": "Hopper",
					"filename": "https://raw.githubusercontent.com/obono/ArduboyWorks/master/_hexs/hopper_v0.22.hex",
					"device": "Arduboy"
				}
			],
			"screenshots": [
				{
					"filename": "https://obono.github.io/ArduboyWorks/img/hopper2.gif",
					"title": "Game screen"
				},
				{
					"filename": "https://obono.github.io/ArduboyWorks/img/hopper1.gif",
					"title": "Title screen"
				}
			],
			"license": "MIT",
			"arduboy": "",
			"codeName": "OBN-Y02",
			"nickName": "hopper"
		},
		{
			"title": "Chri-Bocchi Cat",
			"extraNote": "for Game Jam 2.0",
			"description": "Move the cat and bounce gift boxes for 2 minutes.",
			"genre": "Action",
			"url": "https://community.arduboy.com/t/chri-bocchi-cat-a-simple-action-game/4571",
			"dependence": "Arduboy Library 1.1.1",
			"version": "0.04",
			"sourceUrl": "https://github.com/obono/ArduboyWorks/tree/master/chribocchi",
			"author": "OBONO",
			"binaries": [
				{
					"title": "Chri-Bocchi Cat",
					"filename": "https://raw.githubusercontent.com/obono/ArduboyWorks/master/_hexs/chribocchi_v0.04.hex",
					"device": "Arduboy"
				}
			],
			"screenshots": [
				{
					"filename": "https://obono.github.io/ArduboyWorks/img/chribocchi2.gif",
					"title": "Game screen"
				},
				{
					"filename": "https://obono.github.io/ArduboyWorks/img/chribocchi1.gif",
					"title": "Title screen"
				}
			],
			"license": "MIT",
			"arduboy": "",
			"codeName": "OBN-Y03",
			"nickName": "chribocchi"
		},
		{
			"title": "Chie Magari Ita",
			"description": "Place 10 different pieces into the frame without overlapping.",
			"genre": "Puzzle",
			"url": "https://community.arduboy.com/t/chie-magari-ita-a-placing-puzzle-game/5178",
			"dependence": "Arduboy Library 1.1.1",
			"version": "0.11",
			"sourceUrl": "https://github.com/obono/ArduboyWorks/tree/master/chiemagari",
			"author": "OBONO",
			"binaries": [
				{
					"title": "Chie Magari Ita",
					"filename": "https://raw.githubusercontent.com/obono/ArduboyWorks/master/_hexs/chiemagari_v0.11.hex",
					"device": "Arduboy"
				}
			],
			"screenshots": [
				{
					"filename": "https://obono.github.io/ArduboyWorks/img/chiemagari2.gif",
					"title": "Game screen"
				},
				{
					"filename": "https://obono.github.io/ArduboyWorks/img/chiemagari1.gif",
					"title": "Title screen"
				}
			],
			"license": "MIT",
			"arduboy": "",
			"codeName": "OBN-Y04",
			"nickName": "chiemagari"
		},
		{
			"title": "Psi Colo",
			"description": "A puzzle game with dice on the 5x7 grid field.",
			"genre": "Puzzle",
			"url": "https://community.arduboy.com/t/psi-colo-a-puzzle-game-with-dice/6148",
			"dependence": "Arduboy Library 1.1.1",
			"version": "0.11",
			"sourceUrl": "https://github.com/obono/ArduboyWorks/tree/master/psicolo",
			"author": "OBONO",
			"binaries": [
				{
					"title": "Psi Colo",
					"filename": "https://raw.githubusercontent.com/obono/ArduboyWorks/master/_hexs/psicolo_v0.11.hex",
					"device": "Arduboy"
				}
			],
			"screenshots": [
				{
					"filename": "https://obono.github.io/ArduboyWorks/img/psicolo2.gif",
					"title": "Game screen"
				},
				{
					"filename": "https://obono.github.io/ArduboyWorks/img/psicolo1.gif",
					"title": "Title screen"
				}
			],
			"license": "MIT",
			"arduboy": "",
			"codeName": "OBN-Y05",
			"nickName": "psicolo"
		},
		{
			"title": "Reversi",
			"description": "A simple board game.",
			"genre": "Board game",
			"url": "https://community.arduboy.com/t/reversi-a-simple-board-game/6754",
			"dependence": "Arduboy Library 1.1.1",
			"version": "0.11",
			"sourceUrl": "https://github.com/obono/ArduboyWorks/tree/master/reversi",
			"author": "OBONO",
			"binaries": [
				{
					"title": "Reversi",
					"filename": "https://raw.githubusercontent.com/obono/ArduboyWorks/master/_hexs/reversi_v0.11.hex",
					"device": "Arduboy"
				}
			],
			"screenshots": [
				{
					"filename": "https://obono.github.io/ArduboyWorks/img/reversi2.gif",
					"title": "Game screen"
				},
				{
					"filename": "https://obono.github.io/ArduboyWorks/img/reversi1.gif",
					"title": "Title screen"
				}
			],
			"license": "MIT",
			"arduboy": "",
			"codeName": "OBN-Y06",
			"nickName": "reversi"
		},
		{
			"title": "Lasers",
			"description": "Switch the character's color and have it be hit with same color ray.",
			"genre": "Action",
			"url": "https://community.arduboy.com/t/lasers-a-simple-ikaruga-like-game/7310",
			"dependence": "Arduboy Library 1.1.1",
			"version": "0.12",
			"sourceUrl": "https://github.com/obono/ArduboyWorks/tree/master/lasers",
			"author": "OBONO",
			"binaries": [
				{
					"title": "Lasers",
					"filename": "https://raw.githubusercontent.com/obono/ArduboyWorks/master/_hexs/lasers_v0.12.hex",
					"device": "Arduboy"
				}
			],
			"screenshots": [
				{
					"filename": "https://obono.github.io/ArduboyWorks/img/lasers2.gif",
					"title": "Game screen"
				},
				{
					"filename": "https://obono.github.io/ArduboyWorks/img/lasers1.gif",
					"title": "Title screen"
				}
			],
			"license": "MIT",
			"arduboy": "",
			"codeName": "OBN-Y07",
			"nickName": "lasers"
		},
		{
			"title": "Quarto!",
			"description": "A board game played on a 4x4 board with 16 unique pieces.",
			"genre": "Board game",
			"url": "https://community.arduboy.com/t/quarto-an-abstract-strategy-board-game/8226",
			"dependence": "Arduboy Library 1.1.1",
			"version": "0.10",
			"sourceUrl": "https://github.com/obono/ArduboyWorks/tree/master/quarto",
			"author": "OBONO",
			"binaries": [
				{
					"title": "Quarto!",
					"filename": "https://raw.githubusercontent.com/obono/ArduboyWorks/master/_hexs/quarto_v0.10.hex",
					"device": "Arduboy"
				}
			],
			"screenshots": [
				{
					"filename": "https://obono.github.io/ArduboyWorks/img/quarto2.gif",
					"title": "Game screen"
				},
				{
					"filename": "https://obono.github.io/ArduboyWorks/img/quarto1.gif",
					"title": "Title screen"
				}
			],
			"license": "MIT",
			"arduboy": "",
			"codeName": "OBN-Y08",
			"nickName": "quarto"
		},
		{
			"title": "Stairs Sweep",
			"description": "A falling block puzzle game. Boxes lined up horizontally can be deleted. Enemies can not but beaten by a ball.",
			"genre": "Puzzle",
			"url": "https://community.arduboy.com/t/stairs-sweep-a-falling-block-puzzle-game/8259",
			"dependence": "Arduboy Library 1.1.1",
			"version": "0.10",
			"sourceUrl": "https://github.com/obono/ArduboyWorks/tree/master/stairssweep",
			"author": "OBONO",
			"binaries": [
				{
					"title": "Stairs Sweep",
					"filename": "https://raw.githubusercontent.com/obono/ArduboyWorks/master/_hexs/stairssweep_v0.10.hex",
					"device": "Arduboy"
				}
			],
			"screenshots": [
				{
					"filename": "https://obono.github.io/ArduboyWorks/img/stairssweep2.gif",
					"title": "Game screen"
				},
				{
					"filename": "https://obono.github.io/ArduboyWorks/img/stairssweep1.gif",
					"title": "Title screen"
				}
			],
			"license": "MIT",
			"arduboy": "",
			"codeName": "OBN-Y09",
			"nickName": "stairssweep"
		},
		{
			"title": "π 24k",
			"extraNote": "for Game Jam 4.0",
			"description": "A browser of π: circular constant. (24,576 digits)",
			"genre": "Joke",
			"url": "https://community.arduboy.com/t/pi-24k-a-browser-of-circular-constant/8290",
			"dependence": "Arduboy Library 1.1.1",
			"version": "0.03",
			"sourceUrl": "https://github.com/obono/ArduboyWorks/tree/master/pi24k",
			"author": "OBONO",
			"binaries": [
				{
					"title": "π 24k",
					"filename": "https://raw.githubusercontent.com/obono/ArduboyWorks/master/_hexs/pi24k_v0.03.hex",
					"device": "Arduboy"
				}
			],
			"screenshots": [
				{
					"filename": "https://obono.github.io/ArduboyWorks/img/pi24k2.gif",
					"title": "Game screen"
				},
				{
					"filename": "https://obono.github.io/ArduboyWorks/img/pi24k1.gif",
					"title": "Title screen"
				}
			],
			"license": "MIT",
			"arduboy": "",
			"codeName": "OBN-Y10",
			"nickName": "pi24k"
		},
		{
			"title": "SameGame",
			"description": "A famous tile-matching puzzle. You can remove a group of adjoining blocks of the same type.",
			"genre": "Puzzle",
			"url": "https://community.arduboy.com/t/samegame-a-famous-tile-matching-puzzle/8407",
			"dependence": "Arduboy Library 1.1.1",
			"version": "0.10",
			"sourceUrl": "https://github.com/obono/ArduboyWorks/tree/master/samegame",
			"author": "OBONO",
			"binaries": [
				{
					"title": "SameGame",
					"filename": "https://raw.githubusercontent.com/obono/ArduboyWorks/master/_hexs/samegame_v0.10.hex",
					"device": "Arduboy"
				}
			],
			"screenshots": [
				{
					"filename": "https://obono.github.io/ArduboyWorks/img/samegame2.gif",
					"title": "Game screen"
				},
				{
					"filename": "https://obono.github.io/ArduboyWorks/img/samegame1.gif",
					"title": "Title screen"
				}
			],
			"license": "MIT",
			"arduboy": "",
			"codeName": "OBN-Y11",
			"nickName": "samegame"
		},
		{
			"title": "Knight Move",
			"description": "An action puzzle game using a knight piece of the chess.",
			"genre": "Action-Puzzle",
			"url": "https://community.arduboy.com/t/knight-move-a-puzzle-platform-game-using-knight/8587",
			"dependence": "Arduboy Library 1.1.1",
			"version": "0.11",
			"sourceUrl": "https://github.com/obono/ArduboyWorks/tree/master/knightmove",
			"author": "OBONO",
			"binaries": [
				{
					"title": "Knight Move",
					"filename": "https://raw.githubusercontent.com/obono/ArduboyWorks/master/_hexs/knightmove_v0.11.hex",
					"device": "Arduboy"
				}
			],
			"screenshots": [
				{
					"filename": "https://obono.github.io/ArduboyWorks/img/knightmove2.gif",
					"title": "Game screen"
				},
				{
					"filename": "https://obono.github.io/ArduboyWorks/img/knightmove1.gif",
					"title": "Title screen"
				}
			],
			"license": "MIT",
			"arduboy": "",
			"codeName": "OBN-Y12",
			"nickName": "knightmove"
		},
		{
			"title": "ARDUBULLETs",
			"description": "Avoid voluminous bullets and defeat enemy squadron in one minute.",
			"genre": "Shmups",
			"url": "https://community.arduboy.com/t/ardubullets-a-short-time-shmups-game/8684",
			"dependence": "Arduboy2 Library 5.2.1",
			"version": "0.10",
			"sourceUrl": "https://github.com/obono/ArduboyWorks/tree/master/ardubullets",
			"author": "OBONO",
			"binaries": [
				{
					"title": "ARDUBULLETs",
					"filename": "https://raw.githubusercontent.com/obono/ArduboyWorks/master/_hexs/ardubullets_v0.10.hex",
					"device": "Arduboy"
				}
			],
			"screenshots": [
				{
					"filename": "https://obono.github.io/ArduboyWorks/img/ardubullets2.gif",
					"title": "Game screen"
				},
				{
					"filename": "https://obono.github.io/ArduboyWorks/img/ardubullets1.gif",
					"title": "Title screen"
				}
			],
			"license": "MIT",
			"arduboy": "",
			"codeName": "OBN-Y13",
			"nickName": "ardubullets"
		}
	]
}
