{
  "schemaVersion": 2,
  "title": "Deep Dish Nine",
  "description": "Fly from planet to planet delivering pizzas!",
  "author": "Chris Fenton",
  "version": "1.0",
  "date": "2017-07-16",
  "genre": "Misc",
  "publisher": "Fenton Heavy Industries",
  "idea": "N/A",
  "code": "Chris Fenton",
  "art": "Chris Fenton",
  "sound": "N/A",
  "url": "http://www.chrisfenton.com/deep-dish-nine/",
  "sourceUrl": "",
  "email": "",
  "companion": "",
  "banner": "DD9_BANNER.PNG",
  "screenshots": [
    {
      "title": "Title Screen",
      "filename": "DD9_TITLE.BMP"
    }
  ],
  "binaries": [
    {
      "title": "Deep Dish Nine v1.0 Binary",
      "filename": "dd9.ino.arduino_leonardo.hex",
      "device": "Arduboy"
    }
  ],
  "buttons": [
    {
      "control": "",
      "action": ""
    }
  ],
  "eeprom": {
    "variable": false,
    "start": 8,
    "end": 24
  }
}
