{
  "execPath": "/Users/wojciechko/.platformio/packages/toolchain-atmelavr/bin/avr-g++",
  "gccDefaultCFlags": "-fsyntax-only -std=gnu11 -g -Os -Wall -ffunction-sections -fdata-sections -mmcu=atmega32u4 -DF_CPU=16000000L -DPLATFORMIO=021001 -DARDUINO_ARCH_AVR -DARDUINO_AVR_ARDUBOY -DARDUBOY_10 -DUSB_VID=0x2341 -DUSB_PID=0x0036 -DUSB_PRODUCT=\"Arduboy\" -DUSB_MANUFACTURER=\"Arduboy\" -DARDUINO=10608",
  "gccDefaultCppFlags": "-fsyntax-only -fno-exceptions -fno-threadsafe-statics -std=gnu++11 -g -Os -Wall -ffunction-sections -fdata-sections -mmcu=atmega32u4 -DF_CPU=16000000L -DPLATFORMIO=021001 -DARDUINO_ARCH_AVR -DARDUINO_AVR_ARDUBOY -DARDUBOY_10 -DUSB_VID=0x2341 -DUSB_PID=0x0036 -DUSB_PRODUCT=\"Arduboy\" -DUSB_MANUFACTURER=\"Arduboy\" -DARDUINO=10608",
  "gccErrorLimit": 15,
  "gccIncludePaths": "/Users/wojciechko/.platformio/packages/framework-arduinoavr/variants/leonardo,/Users/wojciechko/.platformio/packages/framework-arduinoavr/cores/arduino,/Users/wojciechko/Documents/Arduino/Libraries/StandardCplusplus_ID572,/Users/wojciechko/dev/arduboy/snELk/lib/etl/src,/Users/wojciechko/dev/arduboy/snELk/lib/etl/src/private,/Users/wojciechko/.platformio/packages/framework-arduinoavr/libraries/SPI/src,/Users/wojciechko/.platformio/packages/framework-arduinoavr/libraries/EEPROM/src,/Users/wojciechko/Documents/Arduino/Libraries/Arduboy/src,/Users/wojciechko/Documents/Arduino/Libraries/Arduboy/src/audio,/Users/wojciechko/Documents/Arduino/Libraries/Arduboy/src/core,/Users/wojciechko/dev/arduboy/snELk/src,/Users/wojciechko/dev/arduboy/snELk/lib/MemoryFree,/Users/wojciechko/.platformio/packages/framework-arduinoavr/libraries/Bridge/src,/Users/wojciechko/.platformio/packages/framework-arduinoavr/libraries/Esplora/src,/Users/wojciechko/.platformio/packages/framework-arduinoavr/libraries/Ethernet/src,/Users/wojciechko/.platformio/packages/framework-arduinoavr/libraries/Firmata,/Users/wojciechko/.platformio/packages/framework-arduinoavr/libraries/GSM/src,/Users/wojciechko/.platformio/packages/framework-arduinoavr/libraries/HID/src,/Users/wojciechko/.platformio/packages/framework-arduinoavr/libraries/Keyboard/src,/Users/wojciechko/.platformio/packages/framework-arduinoavr/libraries/LiquidCrystal/src,/Users/wojciechko/.platformio/packages/framework-arduinoavr/libraries/Mouse/src,/Users/wojciechko/.platformio/packages/framework-arduinoavr/libraries/RobotIRremote/src,/Users/wojciechko/.platformio/packages/framework-arduinoavr/libraries/Robot_Control/src,/Users/wojciechko/.platformio/packages/framework-arduinoavr/libraries/Robot_Motor/src,/Users/wojciechko/.platformio/packages/framework-arduinoavr/libraries/SD/src,/Users/wojciechko/.platformio/packages/framework-arduinoavr/libraries/Scheduler/src,/Users/wojciechko/.platformio/packages/framework-arduinoavr/libraries/Servo/src,/Users/wojciechko/.platformio/packages/framework-arduinoavr/libraries/SoftwareSerial/src,/Users/wojciechko/.platformio/packages/framework-arduinoavr/libraries/SpacebrewYun/src,/Users/wojciechko/.platformio/packages/framework-arduinoavr/libraries/Stepper/src,/Users/wojciechko/.platformio/packages/framework-arduinoavr/libraries/TFT/src,/Users/wojciechko/.platformio/packages/framework-arduinoavr/libraries/Temboo/src,/Users/wojciechko/.platformio/packages/framework-arduinoavr/libraries/USBHost/src,/Users/wojciechko/.platformio/packages/framework-arduinoavr/libraries/WiFi/src,/Users/wojciechko/.platformio/packages/framework-arduinoavr/libraries/Wire/src,/Users/wojciechko/.platformio/packages/toolchain-atmelavr/avr/include,/Users/wojciechko/.platformio/packages/toolchain-atmelavr/bfd/include,/Users/wojciechko/.platformio/packages/toolchain-atmelavr/lib/gcc/avr/4.8.1/include,/Users/wojciechko/.platformio/packages/toolchain-atmelavr/lib/gcc/avr/4.8.1/include-fixed",
  "gccSuppressWarnings": false
}
