{
    "strings": [
        { "key": "save", "value": "SAVE" },
        { "key": "gameSaved", "value": "SAVED OK" },
        { "key": "collection", "value": "MY FISH" },
        { "key": "quantity", "value": "CURRENT HAUL" },
        { "key": "length", "value": "BEST LENGTH CM" },
        { "key": "cm", "value": "CM" },
        { "key": "checkmark", "value": "*" },
        { "key": "delete", "value": "DELETE" },
        { "key": "really", "value": "REALLY" },
        { "key": "yes", "value": "YES" },
        { "key": "no", "value": "NO" },
        { "key": "ok", "value": "OK" },
        { "key": "sfxOn", "value": "SFX *" },
        { "key": "sfxOff", "value": "SFX" },
        { "key": "openFromTo", "value": "OPEN 4AM\nTO MIDNIGHT" },
        { "key": "buy", "value": "BUY" },
        { "key": "sell", "value": "SELL" },
        { "key": "advice", "value": "ADVICE" },
        { "key": "hours", "value": "HOURS" },
        { "key": "sellFor", "value": "SELL ALL FISH FOR" },
        { "key": "adviceFor", "value": "USEFUL ADVICE FOR" },
        { "key": "youHaveNoFish", "value": "YOU HAVE NO FISH\nTO SELL" },
        { "key": "notBuyingBoots", "value": "I AM NOT BUYING\nTHOSE BOOTS" },
        { "key": "digit0", "value": "0" },
        { "key": "digit1", "value": "1" },
        { "key": "digit2", "value": "2" },
        { "key": "digit3", "value": "3" },
        { "key": "digit4", "value": "4" },
        { "key": "digit5", "value": "5" },
        { "key": "digit6", "value": "6" },
        { "key": "digit7", "value": "7" },
        { "key": "digit8", "value": "8" },
        { "key": "digit9", "value": "9" },
        { "key": "grub", "value": "GRUB" },
        { "key": "shrimp", "value": "SHRIMP" },
        { "key": "proPole", "value": "PRO POLE" },
        { "key": "boatOars", "value": "OARS" },
        { "key": "advice1", "value": "SOME FISH ARE\nONLY IN\nDEEP WATER" },
        { "key": "advice2", "value": "JAKE FISHES\nTHE OCEAN AT NIGHT" },
        { "key": "advice3", "value": "VISIT\nCITY41.GAMES/FG" },
        { "key": "noMoreAdvice", "value": "YOU KNOW ALL" },
        { "key": "signGameManual", "value": "HELP AT CITY41.GAMES/TBOX" },
        { "key": "signSharkWarning", "value": "WARNING SHARKS!" },
        { "key": "signOctoWarning", "value": "OCTOPUS TOO" },
        { "key": "signOceanFish", "value": "OCEAN FISH HATE WORMS" },
        { "key": "girlQuest", "value": "BRING ME THREE\nLOBSTERS AND I WILL\nSELL YOU NICE BAIT" },
        { "key": "girlSellMeat", "value": "BUY PRIMO BAIT FOR" },
        { "key": "guyQuest", "value": "BRING ME FOUR BOOTS\nFOR A NEW WAY\nTO FISH" },
        { "key": "guyTurnOnProMode", "value": "SET FISHING MODE\nPRO" },
        { "key": "guyTurnOffProMode", "value": "SET FISHING MODE\nCASUAL" },
        { "key": "lucyWarning", "value": "THIS IS MY SPOT, BACK OFF!" },
        { "key": "noBait", "value": "YOU HAVE NO BAIT!" }
    ]
}
